Male,true,Desi,Bernini,false,2006-09-10,2019-05-17,0,Cincinnati,Ohio,1593 Ramsey Center,45238,dbernini0@sun.com,5132449148
Male,false,Dolph,Cardello,true,2004-10-27,2014-04-29,0,New York City,New York,56 Burning Wood Way,10039,dcardello1@tumblr.com,6468354579
Female,true,Ericha,Strete,true,2000-06-30,2016-07-03,0,Albuquerque,New Mexico,1779 Coleman Road,87195,estrete2@webmd.com,5053775855
Male,false,Hardy,Comiam,false,2004-06-21,2016-03-24,0,Fort Worth,Texas,1473 Lillian Center,76192,hcomiam3@oaic.gov.au,6829190133
Male,false,Johnny,Hampshire,true,2008-08-24,2018-09-20,0,Dayton,Ohio,591 Daystar Park,45440,jhampshire4@earthlink.net,9371385570
Female,true,Leigha,Brashier,false,2014-01-05,2018-05-09,0,Santa Barbara,California,082 Redwing Alley,93106,lbrashier5@slate.com,8058361112
Male,false,Reinhard,Jimes,true,2006-01-25,2017-11-02,0,Tallahassee,Florida,9 Sullivan Road,32309,rjimes6@people.com.cn,8506452032
Female,true,Karly,Paszak,true,2003-07-15,2019-11-17,0,Miami,Florida,01 Brentwood Way,33129,kpaszak7@techcrunch.com,7866415876
Male,true,Nico,Heaker,false,2009-05-19,2015-11-12,0,Fairbanks,Alaska,21 Pennsylvania Court,99790,nheaker8@purevolume.com,9076530959
Female,true,Aubrette,Benjefield,false,1999-05-16,2019-04-09,0,Seattle,Washington,6 Miller Terrace,98166,abenjefield9@examiner.com,2533621480
Female,false,Andra,Brockley,false,2004-01-16,2016-09-05,0,Cincinnati,Ohio,6324 Grover Junction,45223,abrockleya@linkedin.com,5133773910
Male,false,Colet,Iltchev,true,2003-10-04,2015-12-27,0,Pasadena,Texas,10 Graedel Way,77505,ciltchevb@hc360.com,7139914331
Female,false,Joellyn,Davley,false,1998-05-30,2020-03-29,0,Lafayette,Indiana,7455 Nancy Plaza,47905,jdavleyc@live.com,7652391909
Female,false,Jade,Aphale,true,1999-09-26,2016-11-06,0,Hicksville,New York,984 Dovetail Court,11854,japhaled@bluehost.com,5168771018
Female,false,Lara,Pettecrew,false,1999-09-04,2019-02-01,0,New York City,New York,566 Shoshone Plaza,10260,lpettecrewe@moonfruit.com,2126781321
Female,true,Claudine,Richarson,false,2006-04-20,2017-01-01,0,Columbus,Ohio,9 Doe Crossing Avenue,43284,cricharsonf@nationalgeographic.com,6144746488
Male,true,Tito,Jonas,true,2002-04-02,2018-02-08,0,Santa Fe,New Mexico,26 Mitchell Avenue,87505,tjonasg@webnode.com,5059785689
Female,false,Page,Khoter,false,2009-09-03,2015-10-12,0,Honolulu,Hawaii,421 Stuart Way,96810,pkhoterh@mozilla.com,8084439953
Male,true,Ralf,Gillespie,true,2011-07-11,2017-08-20,0,New Hyde Park,New York,0 Jenifer Pass,11044,rgillespiei@webnode.com,5166088875
Male,true,Greg,Rankmore,false,2004-08-10,2014-09-20,0,Alexandria,Virginia,15 Clyde Gallagher Road,22333,grankmorej@imageshack.us,5711150124
Male,true,Westbrook,McKirdy,true,1999-04-18,2019-05-17,0,Raleigh,North Carolina,733 Anniversary Trail,27658,wmckirdyk@google.it,9195256806
Male,false,Serge,Howship,true,2006-06-04,2016-10-09,0,Fort Lauderdale,Florida,40299 Westerfield Terrace,33336,showshipl@blinklist.com,7546069948
Female,true,Novelia,Gainsboro,true,2010-01-28,2018-08-03,0,Huntington Beach,California,22 Utah Parkway,92648,ngainsborom@surveymonkey.com,7145412257
Male,true,Bartolomeo,Candish,true,2013-03-29,2019-01-02,0,Tucson,Arizona,68 Doe Crossing Trail,85748,bcandishn@xrea.com,5204134860
Female,true,Katalin,O'Meara,false,2012-03-25,2019-12-23,0,Biloxi,Mississippi,689 Crowley Street,39534,komearao@zdnet.com,2288318299
Female,true,Zilvia,Tapscott,true,2004-05-09,2015-08-26,0,Brockton,Massachusetts,529 Mallory Pass,02405,ztapscottp@skyrock.com,5083074773
Male,false,Jourdain,Pollie,false,2013-02-26,2019-02-28,0,Spokane,Washington,60 Crest Line Point,99205,jpollieq@spiegel.de,5096372310
Male,true,Guntar,Sybry,true,2006-01-09,2018-04-04,0,Montgomery,Alabama,2 Lyons Way,36109,gsybryr@deliciousdays.com,3343326505
Male,true,Onfre,Entres,true,2002-09-04,2016-01-05,0,Louisville,Kentucky,90569 Mesta Point,40210,oentress@bloglines.com,5029163829
Male,false,Farley,Aidler,false,2001-01-25,2020-02-20,0,Wichita Falls,Texas,1469 Emmet Road,76310,faidlert@time.com,9408290276
Male,false,Renault,Lethlay,true,2006-03-19,2015-12-30,0,Wichita,Kansas,4 Lien Court,67236,rlethlayu@nytimes.com,3163107561
Female,false,Briana,Junkin,false,2003-02-27,2015-10-19,0,Brea,California,4 Monterey Terrace,92822,bjunkinv@soundcloud.com,7143926072
Female,false,Aurore,Ofield,true,2002-10-17,2018-11-28,0,Dallas,Texas,3 North Crossing,75342,aofieldw@businessweek.com,2149817957
Female,true,Prudi,Comport,true,1999-12-01,2015-04-17,0,Bakersfield,California,01 Westerfield Junction,93381,pcomportx@nba.com,6614173449
Female,false,Jennica,Geeritz,false,2013-03-10,2014-12-02,0,Valdosta,Georgia,60493 Twin Pines Pass,31605,jgeeritzy@elegantthemes.com,2293103114
Male,false,Kristofer,Bore,false,2000-04-20,2015-07-19,0,Orlando,Florida,7803 Nevada Parkway,32868,kborez@blog.com,4078831583
Male,false,Jacobo,Siggin,true,2013-06-07,2018-05-14,0,Katy,Texas,55 Toban Avenue,77493,jsiggin10@irs.gov,2819011374
Male,false,Amory,Phettis,true,2008-07-02,2015-02-26,0,Bonita Springs,Florida,9689 2nd Circle,34135,aphettis11@newsvine.com,9414180142
Male,false,Webster,Everal,false,1998-05-14,2017-08-05,0,Lancaster,California,7728 Northridge Place,93584,weveral12@google.de,6613797953
Female,false,Lolita,Murrow,false,2008-10-06,2015-07-06,0,Trenton,New Jersey,47 Mcbride Trail,08638,lmurrow13@rakuten.co.jp,6094734118
Female,false,Katey,Ishchenko,false,2008-10-06,2016-03-22,0,Montgomery,Alabama,9370 Del Sol Lane,36177,kishchenko14@walmart.com,3341072487
Female,true,Tammie,Coucha,false,2001-04-13,2020-03-03,0,Atlanta,Georgia,66851 Laurel Avenue,30316,tcoucha15@yellowpages.com,6786935086
Female,true,Donelle,Harrell,false,2004-11-24,2018-01-08,0,Austin,Texas,4281 Blue Bill Park Street,78710,dharrell16@wix.com,5122169293
Female,false,Hedwiga,Harrald,true,2006-03-19,2018-11-28,0,Birmingham,Alabama,15488 Bobwhite Park,35242,hharrald17@elegantthemes.com,2057179905
Male,true,Dougy,Beart,false,1998-12-07,2018-08-11,0,Fort Worth,Texas,92 Lake View Plaza,76105,dbeart18@wp.com,6828088456
Male,true,Bordie,Dwerryhouse,true,2003-11-15,2019-03-24,0,Jersey City,New Jersey,276 Sauthoff Alley,07310,bdwerryhouse19@columbia.edu,5513913478
Male,true,Joshua,Hamil,true,2002-11-30,2016-12-17,0,Dayton,Ohio,79641 Washington Street,45440,jhamil1a@reverbnation.com,9371788993
Female,true,Emmaline,Martonfi,true,2003-03-31,2017-06-24,0,Columbia,South Carolina,3498 Fair Oaks Point,29208,emartonfi1b@mac.com,8032668994
Male,true,Jeno,Goschalk,false,2008-02-14,2018-05-05,0,Atlanta,Georgia,00 Hagan Trail,30358,jgoschalk1c@opensource.org,4042513899
Male,false,Murray,Episcopio,false,2010-11-21,2017-07-26,0,San Jose,California,5081 Onsgard Avenue,95155,mepiscopio1d@addthis.com,4083936122
Female,true,Carmelia,Levermore,true,2005-04-15,2017-03-11,0,Punta Gorda,Florida,1 2nd Plaza,33982,clevermore1e@twitpic.com,9414217919
Female,true,Retha,Maciak,false,2006-01-16,2018-07-19,0,El Paso,Texas,814 Fremont Center,88525,rmaciak1f@elpais.com,9158562628
Male,true,Noland,Scallon,false,2005-02-09,2019-12-09,0,Waterbury,Connecticut,91 Gateway Way,06726,nscallon1g@furl.net,2038346037
Female,false,Blakeley,Bardell,true,2010-03-12,2019-10-08,0,San Angelo,Texas,68949 Lawn Road,76905,bbardell1h@360.cn,3254315979
Male,true,West,Vivers,false,2003-03-29,2016-10-05,0,Louisville,Kentucky,17278 Crowley Drive,40220,wvivers1i@sina.com.cn,5024152873
Female,true,Yolanthe,Quinnet,true,2007-11-28,2017-01-14,0,Port Saint Lucie,Florida,89595 Upham Road,34985,yquinnet1j@hao123.com,7722955684
Female,true,Olivette,Spraggon,false,2009-01-03,2014-05-31,0,Saint Louis,Missouri,43523 Maywood Plaza,63169,ospraggon1k@mysql.com,3148421678
Male,false,Griffith,Mullany,false,2006-11-12,2015-10-22,0,Newport News,Virginia,675 Esch Trail,23605,gmullany1l@amazon.de,7573610601
Female,false,Corey,Coughlan,true,1999-09-12,2017-11-13,0,Clearwater,Florida,3 Crowley Hill,34615,ccoughlan1m@cloudflare.com,7273129149
Male,true,Giles,Whyteman,false,2000-04-03,2016-11-07,0,New York City,New York,3924 Thackeray Court,10165,gwhyteman1n@engadget.com,2128757871
Female,true,Eadith,Haddy,false,2002-11-13,2016-01-27,0,South Lake Tahoe,California,30828 Jenna Junction,96154,ehaddy1o@instagram.com,5307988114
Female,true,Amelie,Prevost,true,2010-08-30,2019-11-28,0,Oklahoma City,Oklahoma,2 Norway Maple Alley,73135,aprevost1p@imageshack.us,4054508059
Male,false,Harlin,Schroder,false,2000-09-17,2015-01-07,0,Dallas,Texas,67241 Grim Street,75221,hschroder1q@tinyurl.com,9729709189
Female,false,Chelsy,Lenihan,false,2012-08-28,2014-05-18,0,Fort Worth,Texas,545 Crest Line Crossing,76162,clenihan1r@house.gov,6829056599
Female,false,Clair,Bramer,true,2001-07-10,2014-09-21,0,Fort Wayne,Indiana,9760 Roxbury Road,46825,cbramer1s@wordpress.org,2601044360
Female,false,Claribel,Andryushin,true,2003-07-02,2016-05-29,0,Tampa,Florida,69165 Knutson Center,33686,candryushin1t@people.com.cn,8131152091
Male,false,Shurwood,Beeckx,true,2007-04-02,2020-03-22,0,Canton,Ohio,22776 Arizona Plaza,44705,sbeeckx1u@prlog.org,3306721612
Male,true,Hilary,Larciere,false,2003-01-12,2018-11-16,0,Seattle,Washington,6 Fieldstone Terrace,98104,hlarciere1v@state.gov,3606557080
Male,true,Quintus,Cornau,false,2004-08-16,2018-05-27,0,Anchorage,Alaska,06 Bultman Hill,99512,qcornau1w@edublogs.org,9076896497
Female,true,Jocelyn,Melbourne,true,2009-03-03,2017-12-08,0,Sacramento,California,483 Hauk Lane,95818,jmelbourne1x@bigcartel.com,5306493513
Female,false,Gabriell,Chaunce,false,2012-02-14,2019-10-03,0,Louisville,Kentucky,93400 Reindahl Hill,40293,gchaunce1y@blogspot.com,5025020391
Male,false,Robert,Pittle,false,2005-07-02,2014-12-31,0,Austin,Texas,02 Pennsylvania Plaza,78715,rpittle1z@scientificamerican.com,5129209577
Male,false,Guilbert,Butchard,true,1999-04-17,2016-07-31,0,Nashville,Tennessee,9454 Nancy Terrace,37210,gbutchard20@tamu.edu,6153861667
Female,true,Kattie,Noades,false,2008-12-30,2016-06-11,0,Chattanooga,Tennessee,38 Forest Trail,37450,knoades21@businessinsider.com,4234778141
Male,false,Kit,Buckston,true,2009-10-05,2019-03-06,0,Saint Paul,Minnesota,79421 Mariners Cove Crossing,55166,kbuckston22@tripod.com,6517361303
Male,false,Glyn,Patesel,false,2009-07-31,2020-02-21,0,San Diego,California,4853 Clyde Gallagher Street,92121,gpatesel23@un.org,7605620041
Male,true,Glen,Sanbroke,false,2002-01-09,2018-10-30,0,Katy,Texas,0 Petterle Crossing,77493,gsanbroke24@craigslist.org,8327330686
Female,false,Carline,Del Dello,false,2013-04-27,2017-06-13,0,Denver,Colorado,31651 Messerschmidt Street,80255,cdeldello25@bloglovin.com,7202633142
Female,true,Aridatha,Chestney,true,2003-03-09,2016-04-10,0,Toledo,Ohio,0779 Glacier Hill Street,43615,achestney26@ft.com,4199664824
Male,false,Hilario,Springate,true,2012-08-20,2019-12-24,0,Topeka,Kansas,73 Coleman Pass,66606,hspringate27@moonfruit.com,7853011559
Female,false,Blisse,Rohlfing,false,2001-11-06,2017-12-03,0,Jamaica,New York,7 Monterey Alley,11431,brohlfing28@earthlink.net,2124766860
Male,false,Giovanni,Undy,false,2003-12-28,2017-05-28,0,Columbus,Georgia,370 Tennyson Place,31998,gundy29@elegantthemes.com,7066822588
Female,false,Klara,Gavozzi,true,2012-06-14,2015-04-30,0,Anaheim,California,864 Dorton Terrace,92825,kgavozzi2a@free.fr,7146227613
Male,false,Seumas,Ariss,false,2008-05-07,2018-01-31,0,Tuscaloosa,Alabama,4 Union Center,35487,sariss2b@printfriendly.com,2055836884
Male,false,Boigie,Pietron,true,2013-06-04,2017-12-02,0,Chattanooga,Tennessee,123 Pierstorff Hill,37416,bpietron2c@yelp.com,4232193248
Female,false,Noella,Dowsey,true,2011-03-09,2016-03-04,0,New Orleans,Louisiana,9068 Manufacturers Road,70179,ndowsey2d@salon.com,5049852444
Male,true,Silvanus,Trett,false,2005-11-14,2015-09-18,0,Miami,Florida,54869 Chive Way,33233,strett2e@hatena.ne.jp,7865109528
Male,true,Miltie,Burdekin,false,2004-05-12,2017-10-31,0,Colorado Springs,Colorado,2312 Helena Road,80945,mburdekin2f@harvard.edu,7195141240
Female,false,Bessie,O'Heneghan,true,2002-03-24,2019-10-22,0,Pasadena,Texas,1774 Milwaukee Terrace,77505,boheneghan2g@google.cn,7136301825
Male,true,Jabez,Simionescu,true,2007-05-22,2015-02-26,0,Washington,District of Columbia,8311 Southridge Road,20319,jsimionescu2h@engadget.com,2022739052
Female,false,Grace,McTerrelly,false,2008-07-12,2016-01-17,0,Charlotte,North Carolina,3 Macpherson Plaza,28278,gmcterrelly2i@ca.gov,7041306890
Male,true,Cly,Milley,true,1999-05-13,2016-01-02,0,Tampa,Florida,2258 Surrey Point,33673,cmilley2j@examiner.com,8134735530
Female,false,Winny,Cranke,false,2007-03-20,2016-06-19,0,Tallahassee,Florida,90 Nancy Drive,32304,wcranke2k@barnesandnoble.com,8507150670
Male,true,Leroi,Gleadhell,false,2002-08-18,2018-06-17,0,Boise,Idaho,269 West Road,83716,lgleadhell2l@yelp.com,2081232856
Male,false,Serge,Candie,false,1999-11-07,2016-05-15,0,Hartford,Connecticut,147 Russell Park,06120,scandie2m@tuttocitta.it,8601791201
Male,true,Von,Anselmi,false,2011-01-15,2019-12-01,0,Tuscaloosa,Alabama,73121 Vermont Avenue,35405,vanselmi2n@nps.gov,2058377915
Male,true,Alfons,McCloughlin,true,2006-07-30,2019-09-29,0,Frankfort,Kentucky,01648 Fairfield Circle,40618,amccloughlin2o@buzzfeed.com,5023699063
Female,true,Gilberte,O'Currine,false,2001-07-04,2015-07-21,0,Springfield,Illinois,38 Southridge Park,62776,gocurrine2p@php.net,2172211140
Male,false,Al,Deny,false,2006-11-03,2019-03-01,0,Cincinnati,Ohio,88979 Mayfield Trail,45238,adeny2q@google.nl,5134642467
Female,true,Belita,Gooch,false,1998-10-03,2015-01-16,0,Pittsburgh,Pennsylvania,991 Pond Drive,15240,bgooch2r@google.com.br,4123030527
Female,false,Chrystal,Croci,true,2012-02-26,2015-01-01,0,Harrisburg,Pennsylvania,950 Magdeline Drive,17110,ccroci2s@upenn.edu,7178264881
Male,false,Lars,Kindread,false,2013-02-03,2019-09-25,0,San Antonio,Texas,115 Merry Trail,78215,lkindread2t@theguardian.com,2102187370
Female,true,Emily,Detoile,false,1998-12-28,2018-12-07,0,Washington,District of Columbia,36 Forest Run Junction,20530,edetoile2u@ibm.com,2026195626
Male,true,Alexandre,Brill,true,2000-06-09,2018-04-08,0,Washington,District of Columbia,69774 Declaration Hill,20067,abrill2v@house.gov,2027759371
Female,true,Cissy,Gehrts,false,2012-05-22,2015-06-28,0,Lincoln,Nebraska,68520 4th Circle,68531,cgehrts2w@clickbank.net,4029086802
Male,true,Humphrey,Carous,false,2007-10-24,2019-10-09,0,San Antonio,Texas,44 Manley Point,78225,hcarous2x@ow.ly,2106181978
Female,true,Denyse,Ricoald,false,2003-09-29,2015-02-04,0,Las Vegas,Nevada,862 Bonner Way,89155,dricoald2y@wikia.com,7027078992
Male,false,Tore,Giovanetti,false,2002-01-25,2019-07-26,0,Wilkes Barre,Pennsylvania,5 Crownhardt Park,18768,tgiovanetti2z@mediafire.com,5708466853
Male,true,Maynord,Barense,false,2000-06-02,2015-08-10,0,Tyler,Texas,80 Dottie Pass,75705,mbarense30@facebook.com,9038255743
Male,true,Alvan,Toothill,true,1999-04-05,2017-08-01,0,Kansas City,Missouri,8755 Hauk Hill,64144,atoothill31@cisco.com,8168562736
Female,true,Sharyl,Gyver,true,2004-09-22,2018-06-01,0,San Antonio,Texas,1270 Darwin Junction,78240,sgyver32@ca.gov,2102861975
Female,true,Eddy,Guilliland,true,1998-10-31,2020-03-25,0,Albuquerque,New Mexico,19 Bay Parkway,87195,eguilliland33@privacy.gov.au,5053242431
Female,false,Nana,Bolf,false,1999-08-01,2015-12-23,0,Hartford,Connecticut,4 Toban Crossing,06120,nbolf34@about.me,8607257283
Female,false,Klarrisa,Roadnight,false,2003-02-20,2018-05-15,0,Tampa,Florida,92 Glendale Hill,33661,kroadnight35@bbc.co.uk,8134102919
Female,false,Crystie,De Malchar,false,2002-09-09,2020-04-12,0,Kansas City,Missouri,52483 Dixon Terrace,64149,cdemalchar36@paypal.com,8162214456
Male,false,Nicol,Evennett,true,2001-12-28,2015-08-07,0,Austin,Texas,666 Buena Vista Hill,78721,nevennett37@forbes.com,5126878022
Female,true,Alfie,Sponton,true,2014-02-20,2015-05-31,0,Toledo,Ohio,8119 Larry Junction,43699,asponton38@is.gd,4192117709
Female,false,Jessamyn,Fante,true,2006-01-29,2017-01-01,0,Katy,Texas,8260 Spohn Crossing,77493,jfante39@fotki.com,2817182199
Male,false,Burton,Brandsen,false,2004-11-20,2018-08-12,0,New York City,New York,8427 Little Fleur Plaza,10150,bbrandsen3a@paginegialle.it,2129920292
Male,false,Doy,Schubert,true,2002-07-23,2014-07-19,0,Houston,Texas,9692 Stuart Junction,77010,dschubert3b@time.com,2811084385
Female,true,Shanda,Bassill,false,2009-07-03,2016-12-26,0,Chicago,Illinois,44 Northfield Drive,60641,sbassill3c@deviantart.com,6303158855
Male,false,Jarrad,Lawly,true,2008-03-16,2018-04-17,0,Sacramento,California,42194 Shopko Center,94207,jlawly3d@omniture.com,9169656055
Female,false,Valentina,Iles,true,2010-09-18,2018-09-20,0,Dallas,Texas,88 Karstens Drive,75277,viles3e@ibm.com,2149659165
Male,true,Montague,McIlharga,true,2006-06-02,2014-07-19,0,Baton Rouge,Louisiana,0208 Thompson Court,70820,mmcilharga3f@wp.com,2252244925
Male,true,Giacopo,Newhouse,true,2011-12-05,2018-11-17,0,Fort Wayne,Indiana,3761 Warbler Parkway,46857,gnewhouse3g@utexas.edu,2603153761
Female,true,Sile,Walne,false,2012-05-01,2017-01-14,0,Waco,Texas,3 Rusk Plaza,76711,swalne3h@blinklist.com,2545122361
Female,true,Lynde,Braunes,false,2013-03-26,2016-09-02,0,Erie,Pennsylvania,60976 Valley Edge Junction,16510,lbraunes3i@soup.io,8142652222
Female,false,Talia,Greenroad,true,1999-12-20,2015-03-23,0,College Station,Texas,429 Delaware Trail,77844,tgreenroad3j@bandcamp.com,9793809466
Male,false,Leonerd,Gillbee,false,1999-06-22,2015-12-10,0,Denver,Colorado,716 Ludington Road,80204,lgillbee3k@comcast.net,7208188761
Female,false,Candice,Treleaven,true,1999-10-01,2014-05-27,0,Odessa,Texas,23321 Cody Park,79769,ctreleaven3l@prweb.com,4328437342
Male,false,Edlin,Sains,true,2002-01-05,2018-01-22,0,West Palm Beach,Florida,55 Mosinee Plaza,33411,esains3m@google.de,5615923691
Male,false,Izak,Fills,true,2009-12-27,2015-07-29,0,Washington,District of Columbia,1 Victoria Crossing,20566,ifills3n@hostgator.com,2027950892
Male,true,Sascha,Kilius,false,2012-06-06,2018-09-19,0,Newark,Delaware,37895 Anniversary Circle,19714,skilius3o@vimeo.com,3024607075
Female,false,Eleonore,Titcumb,true,2006-08-06,2016-10-27,0,Buffalo,New York,09 Waubesa Terrace,14225,etitcumb3p@tinypic.com,7161184564
Female,true,Alexandra,Vonderdell,false,2001-09-17,2017-03-13,0,Bakersfield,California,21 Northridge Pass,93305,avonderdell3q@last.fm,8053311696
Male,true,Norbert,Kalf,true,2003-04-01,2019-01-05,0,El Paso,Texas,4201 Birchwood Street,79911,nkalf3r@infoseek.co.jp,9156422335
Female,true,Doris,Banes,false,1999-09-28,2017-10-09,0,Johnson City,Tennessee,905 Dottie Point,37605,dbanes3s@blogtalkradio.com,4234888903
Female,true,Ellyn,Bullerwell,false,2009-04-18,2016-04-26,0,Homestead,Florida,63 Havey Way,33034,ebullerwell3t@huffingtonpost.com,7869856873
Female,false,Philis,Dopson,true,2011-01-25,2017-03-13,0,Palmdale,California,0004 Oakridge Junction,93591,pdopson3u@businesswire.com,6618120452
Male,true,Augusto,Aymerich,false,2011-12-16,2015-06-14,0,Pensacola,Florida,91242 Carioca Trail,32590,aaymerich3v@google.cn,8504677082
Male,true,Floyd,Rimell,true,2013-05-04,2017-04-06,0,New Orleans,Louisiana,424 Service Alley,70142,frimell3w@phoca.cz,5043722147
Male,true,Roland,Faunt,true,2001-08-17,2017-05-07,0,New Haven,Connecticut,54163 Lukken Point,06505,rfaunt3x@go.com,2039178007
Female,false,Jordain,Robertson,true,2013-03-29,2015-02-17,0,Houston,Texas,65710 Monument Lane,77271,jrobertson3y@usda.gov,7135080138
Male,false,Doy,Tutill,true,2008-03-13,2018-10-06,0,San Angelo,Texas,1 Goodland Place,76905,dtutill3z@hubpages.com,3252201380
Male,true,Xymenes,Jansik,false,2012-04-07,2020-01-07,0,Hampton,Virginia,2721 Fieldstone Point,23663,xjansik40@answers.com,7572683344
Male,false,Christy,Beeck,false,1999-06-15,2018-03-20,0,Glendale,Arizona,9 Corscot Point,85311,cbeeck41@ibm.com,6024288567
Male,true,Fredrick,Figgins,true,2000-04-04,2015-02-24,0,Washington,District of Columbia,481 Duke Center,20557,ffiggins42@independent.co.uk,2026357371
Male,false,Waiter,McClean,true,2010-05-23,2017-10-31,0,Bradenton,Florida,5565 Clyde Gallagher Circle,34205,wmcclean43@sciencedaily.com,9412784808
Female,false,Denyse,Managh,false,2013-06-03,2017-02-25,0,Durham,North Carolina,329 Ronald Regan Center,27705,dmanagh44@thetimes.co.uk,4346197431
Female,false,Cristin,Rabbage,false,2003-03-17,2015-08-26,0,Hialeah,Florida,6870 Macpherson Alley,33013,crabbage45@naver.com,7865628143
